patient_exam_id,1_year_risk,2_year_risk,3_year_risk,4_year_risk,5_year_risk
21827263	5.62E+15,0.00990213,0.029948458,0.029948458,0.048902202,0.048902202
